Collection Number,Colloquial Name,Family,Genus,Species,Plant Kingdom,Descriptor,Plant Part,Overview Photo,Multicell,Bilobate,Polylobate,Rondel,Crenate,Trapezoid,Cross,Saddle,Acute Bulbosus,Blocky,Bulliform Flabellate,Elongate Entire,Elongate Sinuate,Elongate Dentate,Elongate Dendritic,Spheroid Psilate,Spheroid Echinate,Spheroid Ornate,Papillate,Tracheary,Tracheary Pitted,Tracheary Bordered,Stomata,Cork,Silica Aggregate,Sheet,Bulliform Fusiform ,Bulliform Crenate,Blocky with Ridge,Other,Project Herbarium Specimen,Link to RBG Kew Photo,Project,Author
M001,Einkorn,Poaceae,Triticum ,monococcum,Monocotyledon,Crop,Root,,"M001.2, M001.3, M001.4, M001.5",,,,,,,,,M001.1,,"M001.2, M001.3, M001.4, M001.7",,,,,,,,,,,,,,,,,,,,http://apps.kew.org/herbcat/getImage.do?imageBarcode=K000979052,MRes ,Sigrid Osborne
M002,,,,,,,Leaf,,"M002.1, M002.9, M002.10",,,,M002.3.1,,,,M002.3.1,M002.9,,"M002.5, M002.9","M002.4, M002.8",,,,,,,,,,,"M002.1, M002.10",,,,,,,,,MRes ,Sigrid Osborne
M003,,,,,,,Collar ,M003.1,"M003.7, M003.9",,,M003.3,,,,,"M003.4, M003.5, M003.7",,,,,M003.9,,,,,,,,,,"M003.2, M003.7, M003.9",,,,,,,,,MRes ,Sigrid Osborne
M004,,,,,,,Internode,M004.11,"M004.2, M004.4, M004.7, M004.8, M004.9.2, M004.10.1",,,"M004.7, M008",,,,,"M004.7, M008",,,"M004.2, M004.9, M004.11",,M004.9,,,,,,,,,,"M004.8, M004.9",,,,,,,,,MRes ,Sigrid Osborne
M005,,,,,,,Node ,"M005.1, M005.4, M005.5","M005.1, M005.2, M005.4, M005.5, M005.6",,,M005.3,,,,,M005.6,,,M005.4,,"M005.2, M005.5",,,,,,,,,,"M005.1, M005.2, M004, M004.5",,,,,,,,,MRes ,Sigrid Osborne
M006,,,,,,,Awn,"M006.1, M006.2",M006.2,,,,,,,,"M006.1, M006.2, M006.3, M006.4",M006.5,,"M006.2, M006.4",,,,,,,,,,,,,,,,,,,,,MRes ,Sigrid Osborne
M007,,,,,,,Spikelet,,"M007.1, M007.2, M007.9",,,M007.8,,,,,"M007.4, M007.9, M007.10",M007.8,,,,,"M007.1, M007.2, M007.6, M007.8, M007.9",,,,,,,,,,,,,,,,,,MRes ,Sigrid Osborne
M008,Emmer Wheat,Poaceae,Triticum , dicoccon,Monocotyledon,Crop,Root,,"M008.3, M008.4, M008.5, M008.8",,,,,,,,,,,"M008.1, M008.2, M008.3, M008.4, M008.5, M008.6, M008.8",,,,,,,,,,,,,,,,,,,,,MRes ,Sigrid Osborne
M009,,,,,,,Leaf,M009.1,"M009.3, M009.4, M009.9",,,"M009.3, M009.4",,,,,M009.7,"M009.1, M009.5",,M009.4,"M009.1, M009.3, M009.4, M009.9",,,,,,,,,,,"M009.1, M009.2, M009.3, M009.4, M009.9",,,,,,,,,MRes ,Sigrid Osborne
M010,,,,,,,Collar ,"M010.6, M010.7","M010.3.2, M010.5.1, M010.6",,,"M010.1, M010.4.1, M010.5.1",M010.7,,,,"M010.1, M010.4.1, M010.5.1, M010.7",,,M010.5.1,"M010.3.2, M010.4.1, M010.5.1",,,,,,,,,,M010.5.1,M010.3.2,,,,,,,,,MRes ,Sigrid Osborne
M011,,,,,,,Internode,,"M011.1.1, M011.2.1, M011.3, M011.6",,,M011.4,,,,,,,,M011.2.1,"M011.1.1, M011.6","M011.2.1, M011.3",,,,,,,,,M011.1.1,M011.1.1,,,,,,,,,MRes ,Sigrid Osborne
M012,,,,,,,Node ,"M012.4, M012.5","M012.1.3, M012.6, M012.8.6, M012.13",,,"M012.1.2, M012.7, M012.8.6, M012.13",,,,,"M012.10, M012.12",M012.9,,,"M012.1.3, M012.8.6",M012.6,,,,,,,,,,"M012.1.3, M012.8.6",,,,,,,,,MRes ,Sigrid Osborne
M013,,,,,,,Awn,"M013.2, M013.3","M013.1, M013.2, M013.3, M013.6, M013.7",,,,,,,,"M013.1, M013.2, M013.3, M013.5, M013.6",M013.8,,"M013.1, M013.2, M013.3, M013.6, M013.8","M013.2, M013.3, M013.7",,,,,,,,,,"M013.2, M013.3, M013.4","M013.2, M013.3, M013.7",,,,,,,,,MRes ,Sigrid Osborne
M014,,,,,,,Spikelet,M014.1,"M014.1, M014.2, M014.5, M014.6",,,"M014.1, M014.7",,,,,M014.3,,,,M014.5,,"M014.1, M014.2, M014.4",,,,,,,,,"M014.1, M014.5, M014.6",,,,,,,,,MRes ,Sigrid Osborne
M015,Flax,Linaceae,Linum ,usitatissimum,Eudicot ,Crop,Roots,M015.1,,,,,,,,,,,,,,,,,,,,,,,,,M015.1,,,,,,,http://apps.kew.org/herbcat/getImage.do?imageBarcode=K001113266,MRes ,Sigrid Osborne
M016,,,,,,,Leaf,,"M016.3, M016.7",,,,,,,,M016.3,,,M016.3,,,,,,,,,,,,,,,,,,,,,MRes ,Sigrid Osborne
M017,,,,,,,Stem,,,,,,,,,,,,,,,,,,,,,,,,,,,,,,,,,,MRes ,Sigrid Osborne
M018,,,,,,,Flower,,,,,,,,,,,,,"M018.3, M018.4",,,,,,,,,,,,,M018.1,,,,,,,,MRes ,Sigrid Osborne
M019,Spelt,Poaceae,Triticum ,Triticum ,Monocotyledon,Crop,Root,M019.1,"M019.1, M019.5",,,,,,,,,,,"M019.1, M019.4, M019.5, M019.6",,,,,,,,,,,,,,,,,,,,http://apps.kew.org/herbcat/getImage.do?imageBarcode=K000914554,MRes ,Sigrid Osborne
M020,,,,,,,Leaf,"M020.1, M020.4","M020.1, M020.3.2, M020.4, M020.6, M020.9",,,M020.6,,,,,M020.10,M020.2.5,,,"M020.3.2, M020.6, M020.9",M020.10,,,,,,,,,"M020.7, M020.9","M020.3.2, M020.6",,,,,,,,,MRes ,Sigrid Osborne
M021,,,,,,,Collar,M021.1.4,"M021.1.4, M021.2, M021.3, M021.4, M021.7",,,,"M021.5, M021.6",,,,M021.8,,,,"M021.2, M021.3, M021.4",,,,,,M021.4,,,,,"M021.2, M021.3, M021.4",,,,,,,,,MRes ,Sigrid Osborne
M022,,,,,,,Internode,"M022.1, M022.2","M022.1, M022.2, M022.3, M022.4, M022.6.1",,,,,,,,,,,"M022.4, M022.5",,"M022.4, M022.6.1",,,,,,,,,,M022.6.1,,,,,,,,,MRes ,Sigrid Osborne
M023,,,,,,,Node ,M023.1,"M023.3, M023.4, M023.5",,,M023.2,,,,,,,,"M023.3, M023.4","M023.3, M023.5",,,,,,,,,,,"M023.1, M023.3, M023.5",,,,,,,,,MRes ,Sigrid Osborne
M024,,,,,,,Spikelet,M024.1,M024.1,,,,,,,,M024.5,M024.4,,,,M024.5,"M024.1, M024.2.5, M024.5",,,,M024.5,,,,,,,,,,,,,,MRes ,Sigrid Osborne
M025,Wild Oat ,Poaceae,Avena ,fatua,Monocotyledon,Crop,Root,M025.1,"M025.1, M025.3",,,,,,,,,,,"M025.2, M025.3",,,,,,,,,,,,,,,,,,,,http://apps.kew.org/herbcat/getImage.do?imageBarcode=K000914524,MRes ,Sigrid Osborne
M026,,,,,,,Leaf,M026.1,"M026.1, M026.2, M026.3",,,,"M026.4, M026.6",,,,,M026.5,,,"M026.2, M026.3",,,,,,,,,,M026.2,M026.3,,,,,,,,,MRes ,Sigrid Osborne
M027,,,,,,,Collar,"M027.1, M027.4","M027.1, M027.2, M027.3",,,M027.4,"M027.2, M027.3, M027.4, M027.5",,,,M027.5,,,"M027.2, M027.3",,,,,,,,,,,,,,,,,,,,,MRes ,Sigrid Osborne
M028,,,,,,,Internode,M028.1,"M028.1, M028.3, M028.4",,,,,,,,,M028.2,,"M028.1, M028.3, M028.4",,,,,,,,,,,M028.1,"M028.1, M028.3, M028.4",,,,,,,,,MRes ,Sigrid Osborne
M029,,,,,,,Node,M029.1,"M029.1, M029.2.3",,,,,,,,,,,M029.1,"M029.1, M029.2.3",,,,,,,,,,,"M029.1, M029.2.3",,,,,,,,,MRes ,Sigrid Osborne
M030,,,,,,,Awn,M030.1,"M030.1, M030.2, M030.3, M030.5",,,,,,,,"M030.1, M030.3, M030.4, M030.5",,,"M030.1, M030.2, M030.3",,,,,,,,,,,,,,,,,,,,,MRes ,Sigrid Osborne
M031,,,,,,,Spikelet ,M031.1,"M031.1, M031.3, M031.4, M031.6, M031.7",,,,,,,,"M031.4, M031.7",,,,,"M031.3, M031.4",M031.5.3,,,,M031.2.6,"M031.6, M031.7",,,,"M031.2.6, M031.3, M031.4",,,,,,,,,MRes ,Sigrid Osborne
M032,Barley,Poaceae,Hordeum ,vulgare,Monocotyledon,Crop,Root,,,,,,,,,,,,,,,,,,,,,,,,,,,,,,,,,http://apps.kew.org/herbcat/getImage.do?imageBarcode=K001451019,MRes ,Sigrid Osborne
M033,,,,,,,Leaf,M033.1,"M033.1, M033.2",,,"M033.1, M033.2, M033.3",,,,,,,,"M033.1, M033.2",,,,,,,,,,,M033.3,"M033.1, M033.2, M033.3",,,M033.3,,,,,,MRes ,Sigrid Osborne
M034,,,,,,,Collar ,M034.1,,,,M034.1,"M034.1, M034.3",,,,,M034.2,,,,,,,,,,,,,,M034.1,,,,,,,,,MRes ,Sigrid Osborne
M035,,,,,,,Internode,,M035.3,,,M035.2,,,,,,,,,,,,,,,,,,,M035.1,,,,,,,,,,MRes ,Sigrid Osborne
M036,,,,,,,Node,,,,,,,,,,,,,,,,,,,,,,,,,,,,,,,,,,MRes ,Sigrid Osborne
M037,,,,,,,Awn,M037.3,"M037.1, M037.2, M037.4",,,,,,,,"M037.1, M037.4, M037.5",,,"M037.1, M037.2, M037.4",,,,,,,M037.2,,,,,,,,,,,,,,MRes ,Sigrid Osborne
M038,,,,,,,Spikelet ,M038.1,"M038.1, M038.2.5, M038.3, M038.5",,,M038.4,,,,,,,,M038.1,,,"M038.1, M038.2.5, M038.3, M038.5",,,,"M038.2.5, M038.6",,,,,,,,,,,,,,MRes ,Sigrid Osborne
M039,Ragwort,Asteraceae,Jacobaea ,vulgaris,Eudicot ,Flowering Plant,Root,,,,,,,,,,,,,,,,,,,,,,,,,,,,,,,,,http://apps.kew.org/herbcat/getImage.do?imageBarcode=K000914463,MRes ,Sigrid Osborne
M040,,,,,,,Leaf,,"M040.5, M040.6, M040.10",,,,,,,,,,,M040.10,,,,,,,,,,,M040.8,,,,,,,,,,MRes ,Sigrid Osborne
M041,,,,,,,Stem ,,"M041.4, M041.6.2, M041.8",,,,,,,,,,,M041.8,,,,,,,,,,,M041.6.2,,,,,,,,,,MRes ,Sigrid Osborne
M042,,,,,,,Flower,,,,,,,,,,,,,,,,,,,,,,,,,,,,,,,,,,MRes ,Sigrid Osborne
M043,Nettle,Urticaceae,Urtica ,dioica,Eudicot ,Flowering Plant,Leaf,,,,,,,,,,"M043.3, M043.4",,,,,,,,,,,,,,,,M043.2,,M043.5,,,,,,MRes ,Sigrid Osborne
M044,,,,,,,Stem,,"M044.3, M044.4, M044.6, M044.7, M044.9, M044.10",,,,,,,,"M044.2, M044.9, M044.10",,,"M044.3, M044.4, M044.6, M044.9, M044.10",,,,,,,"M044.1, M044.8",,,,,,,,M044.4,,,,,,MRes ,Sigrid Osborne
M045,,,,,,,Flower,M045.2,"M045.2, M045.4",,,,,,,,"M045.2, M045.8.8, M045.9",,,,,,,,,,,,,,,,,,,,,M045.7,,,MRes ,Sigrid Osborne
M046,Red Clover,Leguminosae,Trifolium pratense,Trifolium pratense,Eudicot ,Flowering Plant,Root,,,,,,,,,,,,,,,,,,,,,,,,,,,,,,,,,http://apps.kew.org/herbcat/getImage.do?imageBarcode=K000914220,MRes ,Sigrid Osborne
M047,,,,,,,Leaf,,"M047.1, M047.3, M047.7",,,,,,,,,,,"M047.1, M047.3",,,,,,,,,,,,,,,,,,,,,MRes ,Sigrid Osborne
M048,,,,,,,Stem ,,M048.5,,,,,,,,,,,M048.5,,,,,,,,,,,,,,,,,,,,,MRes ,Sigrid Osborne
M049,,,,,,,Flower,,,,,,,,,,,,,,,,,,,,,,,,,,,,,,,,,,MRes ,Sigrid Osborne
M050,Sweet Meadow Grass,Poaceae,Poa ,pratensis subsp. pratensis,Monocotyledon,Grass,Root,M050.1,"M050.1, M050.2, M050.3",,,,,,,,,,,"M050.1, M050.2, M050.3, M050.4",,,,M050.4,,,,,,,,,,,,,,,,http://apps.kew.org/herbcat/getImage.do?imageBarcode=K000914515,MRes ,Sigrid Osborne
M051,,,,,,,Leaf,M051.1,"M051.4, M051.5, M051.6",,,"M051.1, M051.6","M051.1, M051.3",,,,M051.6,,,"M051.1, M051.4, M051.5",M051.1,,,,,,,,,,"M051.1, M051.2, M051.7","M051.1, M051.6",,,,,,,,,MRes ,Sigrid Osborne
M052,,,,,,,Collar ,,,,,,,,,,,,,,,,,,,,,,,,,,,,,,,,,,MRes ,Sigrid Osborne
M053,,,,,,,Internode,M053.1,"M053.1, M053.2",,,,,,,,,,,M053.1,"M053.1, M053.2",,,,,,,,,,"M053.1, M053.2",,,,,,,,,,MRes ,Sigrid Osborne
M054,,,,,,,Node,,"M054.1, M054.2",,,,,,,,,,,,"M054.1, M054.2",,,,,,,,,,M054.1,M054.2,,,,,,,,,MRes ,Sigrid Osborne
M055,,,,,,,Spikelet ,M055.1,"M055.1, M055.4",,,,M055.3,,,,,,,,,,"M055.1, M055.2",,,,"M055.1, M055.3",,,,,"M055.1, M055.3",,,,,,,,,MRes ,Sigrid Osborne
M056,Catsear,Asteraceae,Hypochaeris ,radicata,Eudicot ,Flowering Plant,Root,M056.1,,,,,,,,,,,,M056.1,,,,,,,,,,,,,,,,,,,,http://apps.kew.org/herbcat/getImage.do?imageBarcode=K000914410,MRes ,Sigrid Osborne
M057,,,,,,,Leaf,,"M057.2, M057.3",,,,,,,,,,,,M057.2,,,,,,,,,,,,M057.1,,,,,,,,MRes ,Sigrid Osborne
M058,,,,,,,Stem ,,,,,,,,,,,,,,,,,,,,,,,,,,,,,,,,,,MRes ,Sigrid Osborne
M059,,,,,,,Node,,,,,,,,,,,,,,,,,,,,,,,,,,,,,,,,,,MRes ,Sigrid Osborne
M060,,,,,,,Flower,,,,,,,,,,,,,,,,,,,,,,,,,,,,,,,,,,MRes ,Sigrid Osborne
M061,Yarrow,Asteraceae,Achillea ,millefolium,Eudicot ,Flowering Plant,Root and Tuber,,"M061.2, M061.8",,,,,,,,,,,"M061.2, M061.8",,,,,,,,,,,,,M061.7,,,,,M061.7,,http://apps.kew.org/herbcat/getImage.do?imageBarcode=K000914454,MRes ,Sigrid Osborne
M062,,,,,,,Leaf ,,"M062.1, M062.2, M062.3, M062.5, M062.6, M062.7",,,,,,,,M062.4,,,"M062.1, M062.2",,,,,,,,,,,,,,,,,,"M062.3, M062.5, M062.6, M062.8",,,MRes ,Sigrid Osborne
M063,,,,,,,Stem ,"M063.1, M063.2","M063.2, M063.3, M063.5",,,,,,,,,,,M063.2,,,,,,,,,,,M063.4,,,,,,,M063.4,,,MRes ,Sigrid Osborne
M064,,,,,,,Flower ,M064.1,"M064.1, M064.2, M064.3, M064.5",,,,,,,,,,,,,,,,,,,,,,,,,,,,,"M064.4, M064.7",,,MRes ,Sigrid Osborne
M065,Yellow Oat Grass,Poaceae,Trisetum ,flavesence,Monocotyledon,Grass,Root,,"M065.1, M065.2, M065.3",,,,,,,,,M065.3,,"M065.1, M065.2, M065.3",,,,,,,,,,,,,,,,,,,,http://apps.kew.org/herbcat/getImage.do?imageBarcode=K000914526,MRes ,Sigrid Osborne
M066,,,,,,,Leaf,M066.1,"M066.2, M066.4",M066.7,,,,,,,"M066.1, M066.4",,,"M066.1, M066.2, M066.3",,,,,,,,,,,,,,M066.1,,,M066.6,,,,MRes ,Sigrid Osborne
M067,,,,,,,Collar,,"M067.4, M067.6",,,"M067.4, M067.5",,,,,,,,M067.6,,,,,,,,,,,"M067.4, M067.5","M067.4, M067.5",,,,,,,,,MRes ,Sigrid Osborne
M068,,,,,,,Internode,M068.1,"M068.1, M068.3",,,,,,,,M068.2,M068.6,,M068.4,,,,,,,,,,,,M068.6,,,,,,M068.6,,,MRes ,Sigrid Osborne
M069,,,,,,,Node,M069.1,"M069.1, M069.2",,,,,,,,,,M069.3,M069.2,,,,,,,,,,,,,,,,,,,,,MRes ,Sigrid Osborne
M070,,,,,,,Spikelet,M070.1,"M070.1, M070.2, M070.3, M070.4",,,,,,,,"M070.2, M070.3",,,M070.3,M070.2,,,,,,"M070.2, M070.4",,,,,M070.2,,,,,,,,,MRes ,Sigrid Osborne
M071,Bracken,Dennstaedtiaceae,Pteridium,sp.,Pteridophyta,Fern,Stem,M071.1,"M071.1, M071.2, M071.5",,,,,,,,,"M071.2, M071.3",,"M071.2, M071.3, M071.5",,M071.3,,,,,,,,,,,,,,,,M071.2,,http://apps.kew.org/herbcat/getImage.do?imageBarcode=K000914002,MRes ,Sigrid Osborne
M072,,,,,,,Font ,,"M072.1, M072.3",,,,,,,,,M072.2,,,M072.3,,,,,,,,,,,,,,,,,M072.3,,,MRes ,Sigrid Osborne
M073,Dandelion,Asteraceae,Taraxacum ,officinale,Eudicot ,Flowering Plant,Root,,M073.1,,,,,,,,,,,M073.2,,,,,,,,,,,,,,,,,,,,https://apps.kew.org/herbcat/getImage.do?imageBarcode=K000914431,MRes ,Sigrid Osborne
M074,,,,,,,Leaf ,,,,,,,,,,,,,,,,,,,,,,,,,,M074.4,,,,,,,,MRes ,Sigrid Osborne
M075,,,,,,,Flower ,,,,,,,,,,,,,,,,,,,,,,,,,,,,,,,,,,MRes ,Sigrid Osborne
M076,,,,,,,Stem ,,,,,,,,,,,,,,,,,,,,,,,,,,,,,,,,,,MRes ,Sigrid Osborne
M077,,,,,,,Tuber,,,,,,,,,,,,,,,,,,,,,,,,,,,,,,,,,,MRes ,Sigrid Osborne
M078,Mouse-ear Chickweed,Caryophyllacea,Cerastium ,fontanum,Eudicot ,Flowering Plant,Root,,,,,,,,,,,,,,,,,,,,,,,,,,,,,,,,,https://apps.kew.org/herbcat/getImage.do?imageBarcode=K000914074,MRes ,Sigrid Osborne
M079,,,,,,,Stem ,,,,,,,,,,,,,,,,,,,,,,,,,,,,,,,,,,MRes ,Sigrid Osborne
M080,,,,,,,Leaf,,,,,,,,,,,,,,,,,,,,,,,,,,,,,,,,,,MRes ,Sigrid Osborne
M081,,,,,,,Flower ,,,,,,,,,,,,,,,,,,,,,,,,,,,,,,,,,,MRes ,Sigrid Osborne
M082,Bramble ,Rosaceae,Rubus ,sp.,Eudicot ,Flowering Plant,Leaf ,,,,,,,,,,,,,,,,,,,,,,,,,,,,,,,,,https://apps.kew.org/herbcat/detailsQuery.do?imageId=&pageCode=1&presentPage=1&queryId=1&sessionId=583414BC2E41B80734E18B2278D73417&barcode=29932.000,MRes ,Sigrid Osborne
M083,,,,,,,Stem,,,,,,,,,,,,,,,,,,,,,,,,,,,,,,,,,,MRes ,Sigrid Osborne
M084,,,,,,,Thorns,,,,,,,,,,,,,,,,,,,,,,,,,,,,,,,,,,MRes ,Sigrid Osborne
M085,,,,,,,Fruit ,,,,,,,,,,,,,,,,,,,,,,,,,,,,,,,,,,MRes ,Sigrid Osborne
M086,Cow Parsley,Apiaceae,Anthriscus ,sylvestris,Eudicot ,Flowering Plant,Root,,,,,,,,,,,,,,,,,,,,,,,,,,,,,,,,,https://apps.kew.org/herbcat/getImage.do?imageBarcode=K000914283,MRes ,Sigrid Osborne
M087,,,,,,,Stem ,,,,,,,,,,,,,,,,,,,,,,,,,,,,,,,,,,MRes ,Sigrid Osborne
M088,,,,,,,Leaf,,,,,,,,,,,,,,,,,,,,,,,,,,,,,,,,,,MRes ,Sigrid Osborne
M089,,,,,,,Tuber,,,,,,,,,,,,,,,,,,,,,,,,,,,,,,,,,,MRes ,Sigrid Osborne
M090,Creeping Thistle,Asteraceae,Cirsium ,arvense,Eudicot ,Flowering Plant,Root,,,,,,,,,,,,,,,,,,,,,,,,,,,,,,,,,https://apps.kew.org/herbcat/getImage.do?imageBarcode=K000914403,MRes ,Sigrid Osborne
M091,,,,,,,Leaf,M091.1,"M091.1, M091.2, M091.3, M091.4, M091.5, M091.9",,,,,,,,,"M091.3, M091.4",,M091.4,,,,,,,,M091.7,,,M091.6,,,,,,,,,,MRes ,Sigrid Osborne
M092,,,,,,,Stem,,M092.1,,,,,,,,,,,,,,,,,,,,,,,,,,,,,"M092.1, M092.2",,,MRes ,Sigrid Osborne
M093,Viper's Bugloss,Boraginaceae,Echium ,vulgare,Eudicot ,Flowering Plant,Root,M093.1,,,,,,,,,,,,,,,,,,,,,,,,,M093.1,,,,,M093.1,,http://apps.kew.org/herbcat/getImage.do?imageBarcode=K000914313,MRes ,Sigrid Osborne
M094,,,,,,,Leaf,M094.1,"M094.1, M094.2, M094.3, M094.4",,,,,,,,M094.5,,,,,,,,,,,,,,M094.6,,,,,M094.2,,"M094.1, M094.2, M094.4",,,MRes ,Sigrid Osborne
M095,,,,,,,Stem,,,,,,,,,,,,,,,,,,,,,,,,,,,,,,,,,,MRes ,Sigrid Osborne
M096,,,,,,,Node,,,,,,,,,,,,,,,,,,,,,,,,,,,,,,,,,,MRes ,Sigrid Osborne
M097,Celtic Bean,Leguminosae,Vicia ,faba,Eudicot ,Crop,Leaf ,M097.10.3,"M097.10.3, M097.14.5, M097.15",,,,,,,,,M097.2,,,,,,,,,,,,,,,"M097.8.3, M097.9.4",,,,,M097.6,,https://apps.kew.org/herbcat/getHomePageResults.do?homePageSearchText=Vicia+faba&x=0&y=0&homePageSearchOption=scientific_name&nameOfSearchPage=home_page,MRes ,Sigrid Osborne
M098,,,,,,,Stem,,,,,,,,,,,,,M098.2,,,,,,,,,,,,,,,,,,,,,MRes ,Sigrid Osborne
M099,,,,,,,Bean pod,,,,,,,,,,,,,,,,,,,,,,,,,,,,,,,,,,MRes ,Sigrid Osborne
M100,,,,,,,Bean,,,,,,,,,,,,,,,,,,,,,,,,,,,,,,,,,,MRes ,Sigrid Osborne
M101,Walnut Tree,Juglandaceae,Juglans,sp.,Eudicot ,Tree,Leaf,,"M101.1, M101.2, M101.3, M101.4, M101.5",,,,,,,,,,M101.2,M101.3,,,,,,,,,,,,,,,,,,"M101.1, M101.2, M101.4, M101.5",,https://apps.kew.org/herbcat/getHomePageResults.do?homePageSearchText=Juglans&x=0&y=0&homePageSearchOption=scientific_name&nameOfSearchPage=home_page,MRes ,Sigrid Osborne
M102,,,,,,,Leaf Stem,,,,,,,,,,,,,,,,,,,,,,,,,,,,,,,,,,MRes ,Sigrid Osborne
M103,,,,,,,Bark,,,,,,,,,,,,,,,,,,,,,,,,,,,,,,,,,,MRes ,Sigrid Osborne
M104,,,,,,,Twig,,,,,,,,,,,,,,,,,,,,,,,,,,,,,,,,,,MRes ,Sigrid Osborne
M105,English Oak ,Fagaceae,Quercus,robur,Eudicot ,Tree,Leaf,M105.1,"M105.1, M105.2, M105.3, M105.4",,,,,,,,,,,"M105.5.1, M105.5.2",,"M105.5.1, M105.5.2",,,,,,,,,,,,,,,,"M105.1, M105.2, M105.3, M105.4",,https://apps.kew.org/herbcat/getImage.do?imageBarcode=K001272895,MRes ,Sigrid Osborne
M106,,,,,,,Stem,,,,,,,,,,,,,,,,,,,,,,,,,,,,,,,,,,MRes ,Sigrid Osborne
M107,,,,,,,Bark,,,,,,,,,,,,,,,,,,,,,,,,,,,,,,,,,,MRes ,Sigrid Osborne
M108,,,,,,,Acorn case,,"M108.1, M108.2, M108.3",,,,,,,,,,,,,,,,,,,,,,,,,,,,,"M108.1, M108.2, M108.3",,,MRes ,Sigrid Osborne
M109,,,,,,,Acorn rind,,,,,,,,,,,,,,,,,,,,,,,,,,,,,,,,,,MRes ,Sigrid Osborne
M110,Blackthorn,Rosaceae,Prunus ,spinosa,Eudicot ,Tree,Leaf,,,,,,,,,,,,,,,,,,,,,,,,,,,,,,,,,https://apps.kew.org/herbcat/detailsQuery.do?imageId=&pageCode=1&presentPage=1&queryId=1&sessionId=585E8BD8C14AD8954835D1B787286EED&barcode=16081.000,MRes ,Sigrid Osborne
M111,,,,,,,Twig,,,,,,,,,,,,,,,,,,,,,,,,,,,,,,,,,,MRes ,Sigrid Osborne
M112,,,,,,,Bark,,,,,,,,,,,,,,,,,,,,,,,,,,,,,,,,,,MRes ,Sigrid Osborne
M113,Holly,Aquifoliacea,Ilex ,sp.,Eudicot ,Tree,Leaf,,,,,,,,,,,,,,,,,,,,,,,,,,,,,,,,,https://apps.kew.org/herbcat/getHomePageResults.do?homePageSearchText=Ilex&x=0&y=0&homePageSearchOption=scientific_name&nameOfSearchPage=home_page,MRes ,Sigrid Osborne
M114,,,,,,,Bark,,,,,,,,,,,,,,,,,,,,,,,,,,,,,,,,,,MRes ,Sigrid Osborne
M115,,,,,,,Twig,,,,,,,,,,,,,,,,,,,,,,,,,,,,,,,,,,MRes ,Sigrid Osborne
M116,Trailing St John's Wort,Guttiferae,Hypericum ,humifisum,Eudicot ,Flowering Plant,Root,,,,,,,,,,,,,,,,,,,,,,,,,,,,,,,,,,MRes ,Sigrid Osborne
M117,,,,,,,Leaf,,,,,,,,,,,,,,,,,,,,,,,,,,,,,,,,,,MRes ,Sigrid Osborne
M118,,,,,,,Stem,,,,,,,,,,,,,,,,,,,,,,,,,,,,,,,,,,MRes ,Sigrid Osborne
M119,,,,,,,Flower,,,,,,,,,,,,,,,,,,,,,,,,,,,,,,,,,,MRes ,Sigrid Osborne
M120,,,,,,,Fruit,,,,,,,,,,,,,,,,,,,,,,,,,,,,,,,,,,MRes ,Sigrid Osborne
M121,Buttercup,Ranunculaceae,Ranunculus repens,Ranunculus repens,Eudicot ,Flowering Plant,Root,,,,,,,,,,,,,,,,,,,,,,,,,,,,,,,,,https://apps.kew.org/herbcat/getImage.do?imageBarcode=K000914018,MRes ,Sigrid Osborne
M122,,,,,,,Leaf,M122.1,"M122.1, M122.3, M122.4, M122.5",,,,,,,,M122.2,,,,,,,,,,M122.6,,,,,,,,,,,"M122.1, M122.3, M122.4, M122.5",,,MRes ,Sigrid Osborne
M123,,,,,,,Stem,,,,,,,,,,,,,,,,,,,,,,,,,,,,,,,,,,MRes ,Sigrid Osborne
M124,,,,,,,Flower,,,,,,,,,,,,,,,,,,,,,,,,,,,,,,,,,,MRes ,Sigrid Osborne
M125,Sheeps's Sorrel,Polygonaceae,Rumex ,acetosella,Eudicot ,Flowering Plant,Root,,,,,,,,,,,,,,,,,,,,,,,,,,,,,,,,,http://apps.kew.org/herbcat/getImage.do?imageBarcode=K000914103,MRes ,Sigrid Osborne
M126,,,,,,,Leaf,,M126.3,,,,,,,,,,,,,,,M126.3,,,,,,,,,"M126.1, M126.2, M126.4",,,,,,,,MRes ,Sigrid Osborne
M127,,,,,,,Stem,,,,,,,,,,,,,,,,,,,,,,,,,,,,,,,,,,MRes ,Sigrid Osborne
M128,,,,,,,Flower,,,,,,,,,,,,,,,,,,,,,,,,,,,,,,,,,,MRes ,Sigrid Osborne
M129,Stinking Chamomile,Asteraceae,Anthemis ,cotula,Eudicot ,Flowering Plant,Root,,M129.1,,,,,,,,,"M129.2, M129.3",,M129.1,,,,,,,,,,,,,M129.1,,M129.2,,,M129.2,,https://apps.kew.org/herbcat/getImage.do?imageBarcode=K000978116,MRes ,Sigrid Osborne
M130,,,,,,,Leaf,,,,,,,,,,,,,,,,,,,,,,,,,,,,,,,,,,MRes ,Sigrid Osborne
M131,,,,,,,Stem,,,,,,,,,,,,,,,,,,,,,,,,,,,,,,,,,,MRes ,Sigrid Osborne
M132,,,,,,,Flower,,,,,,,,,,,,,,,,,,,,,,,,,,,,,,,,,,MRes ,Sigrid Osborne
M133,Ribwort,Plantaginaceae,Plantago ,lanceolata,Eudicot ,Flowering Plant,Root,,,,,,,,,,,M133.2,,M133.2,,,,,,,,,,,,,,,,,,,,https://apps.kew.org/herbcat/getImage.do?imageBarcode=K000914357,MRes ,Sigrid Osborne
M134,,,,,,,Leaf,,,,,,,,,,,,,,,,,,,,,,,,,,,,,,,,,,MRes ,Sigrid Osborne
M135,,,,,,,Stem,,,,,,,,,,,,,,,,,,,,,,,,,,,,,,,,,,MRes ,Sigrid Osborne
M136,,,,,,,Flower,,,,,,,,,,,,,,,,,,,,,,,,,,,,,,,,,,MRes ,Sigrid Osborne
M137,Ivy,Araliaceae,Hedera ,helix,Eudicot ,Climber,Root,,M137.2,,,,,,,,,,,"M137.1, M137.2",,,,,,,,,,,,,,,,,,,,https://apps.kew.org/herbcat/getImage.do?imageBarcode=K000914281,MRes ,Sigrid Osborne
M138,,,,,,,Leaf,,,,,,,,,,,,,,,,,,,,,,,,,,,,,,,,,,MRes ,Sigrid Osborne
M139,,,,,,,Stem,,,,,,,,,,,,,,,,,,,,,,,,,,,,,,,,,,MRes ,Sigrid Osborne
M140,Creeping Bent,Poaceae,Agrostis ,stolonifera,Monocotyledon,Grass,Root,M140.1,"M140.1, M140.2.5, M140.3",,,,,,,,,M140.3,,"M140.1, M140.2.5, M140.3",,,,,,,,,,,,,,,,,,,,http://apps.kew.org/herbcat/getImage.do?imageBarcode=K000914536,MRes ,Sigrid Osborne
M141,,,,,,,Leaf,M141.1,"M141.1, M141.5",,,M141.6,"M141.1, M141.2, M141.4",,,,"M141.1, M141.3, M141.4",M141.5,,"M141.1, M141.5",M141.4,,,,,,,,,,,,,,,,,,,,MRes ,Sigrid Osborne
M142,,,,,,,Internode and node,M142.1,"M142.1, M142.2, M142.3, M142.4",,,M142.1,,,,,"M142.1, M142.2",,,"M142.1, M142.3","M142.1, M142.4",,,,,,,,,,"M142.1, M142.2",M142.4,,,,,,,,,MRes ,Sigrid Osborne
M143,,,,,,,Stolon,"M143.1, M143.2","M143.1, M143.2, M143.4, M143.5",,,,M143.2,,,,,,,"M143.1, M143.2, M143.4",M143.6,,,,,,,,,,,,,,,,,,,,MRes ,Sigrid Osborne
M144,,,,,,,Spikelet,,,,,,,,,,,,,,,,,,,,,,,,,,,,,,,,,,MRes ,Sigrid Osborne
M145,Broadleaf Plantain,Plantaginaceae,Plantago,major,Eudicot ,Flowering Plant,Root,,,,,,,,,,,,,,,,,,,,,,,,,,M145.1,,,,,,,https://apps.kew.org/herbcat/getImage.do?imageBarcode=K000914357,MRes ,Sigrid Osborne
M146,,,,,,,Leaf,,,,,,,,,,,M146.3,,"M146.1, M146.2",,,,,,,,,,,,,M146.3,,,,M146.4,,,,MRes ,Sigrid Osborne
M147,,,,,,,Stem,,,,,,,,,,,,,,,,,,,,,,,,,,,,,,,,,,MRes ,Sigrid Osborne
M148,,,,,,,Flower,,,,,,,,,,,,,,,,,,,,,,,,,,,,,,,,,,MRes ,Sigrid Osborne
M149,Germander Speedwell,Plantaginaceae,Veronica ,chamaedrys,Eudicot ,Flowering Plant,Root,,,,,,,,,,,,,,,,,,,,,,,,,,,,,,,,,http://apps.kew.org/herbcat/getImage.do?imageBarcode=K000914377,MRes ,Sigrid Osborne
M150,,,,,,,Leaf,,,,,,,,,,,,,,,,,,,,,,,,,,,,,,,,,,MRes ,Sigrid Osborne
M151,,,,,,,Stem,,,,,,,,,,,,,,,,,,,,,,,,,,,,,,,,,,MRes ,Sigrid Osborne
M152,,,,,,,Flower,,,,,,,,,,,,,,,,,,,,,,,,,,,,,,,,,,MRes ,Sigrid Osborne
M153,Dwarf Furze,Fabaceae,Ulex,galii,Eudicot ,Shrub,Leaf/Thorns,,,,,,,,,,,,,,,,,,,,,,,,,,,,,,,,,http://apps.kew.org/herbcat/getImage.do?imageBarcode=K000827923,MRes ,Sigrid Osborne
M154,,,,,,,Stem,,,,,,,,,,,,,,,,,,,,,,,,,,,,,,,,,,MRes ,Sigrid Osborne
M155,,,,,,,Flower,,,,,,,,,,,,,,,,,,,,,,,,,,,,,,,,,,MRes ,Sigrid Osborne
M156,Scots Pine,Pinaceae,Pinus ,sylvestris,Gymnosperm ,Tree,Needles,,,,,,,,,,,,,,,,,,,,,,,,,,,,,,,,,https://apps.kew.org/herbcat/turnPage.do?pageCode=1&queryId=8&sessionId=73345CB94F5C2C7A0AABD70D6BA23779&presentPage=4,MRes ,Sigrid Osborne
M157,,,,,,,Stem,,M157.2,,,,,,,,,"M157.2, M157.3",,M157.1,,,,M157.2,,,,,,,,,,,,,M157.5,M157.2,,,MRes ,Sigrid Osborne
M158,,,,,,,Bark,,M158.1,,,,,,,,,M158.2,,,,,,,,,,,,,,,M158.3,,,,,,,,MRes ,Sigrid Osborne
M159,,,,,,,Cone,,,,,,,,,,,,,,,,,,,,,,,,,,,,,,,,,,MRes ,Sigrid Osborne
M160,Compact Rush,Cyperaceae,Juncus ,conglomeratus,Monocotyledon,Rush,Stem,,,,,,,,,,,,,,,,,,,,,,,,,,,,,,,,,http://apps.kew.org/herbcat/getImage.do?imageBarcode=K000914490,MRes ,Sigrid Osborne
M161,,,,,,,Inflorescence,,,,,,,,,,,,,,,,,,,,,,,,,,,,,,,,,,MRes ,Sigrid Osborne
M162,Round-fruited Rush,Cyperaceae,Juncus ,compressus,Monocotyledon,Rush,Stem,,,,,,,,,,,,,,,,,,,,,,,,,,,,,,,,,http://apps.kew.org/herbcat/detailsQuery.do?imageId=&pageCode=6&presentPage=6&queryId=7&sessionId=1CDF4919B466DF727737D1D716CAFC04&barcode=19104.000,MRes ,Sigrid Osborne
M163,,,,,,,Leaf,,,,,,,,,,,,,,,,,,,,,,,,,,,,,,,,,,MRes ,Sigrid Osborne
M164,,,,,,,Inflorescence ,,,,,,,,,,,,,,,,,,,,,,,,,,,,,,,,,,MRes ,Sigrid Osborne
M165,Birch,Betulaceae,Betula,sp.,Eudicot ,Tree,Leaf,,,,,,,,,,,,,,,,,,,,,,,,,,,,,,,,,,MRes ,Sigrid Osborne
M166,,,,,,,Twig,,,,,,,,,,,,,,,,,,,,,,,,,,,,,,,,,,MRes ,Sigrid Osborne
M167,,,,,,,Bark,,,,,,,,,,,,,,,,,,,,,,,,,,,,,,,,,,MRes ,Sigrid Osborne
M168,,,,,,,Flower,,,,,,,,,,,,,,,,,,,,,,,,,,,,,,,,,,MRes ,Sigrid Osborne
M169,Molinia,Poaceae,Molinia ,caerulea,Monocotyledon,Grass,Leaf ,,,,,,,,,,,,,,,,,,,,,,,,,,,,,,,,,https://apps.kew.org/herbcat/getImage.do?imageBarcode=K000859981,MRes ,Sigrid Osborne
M170,,,,,,,Stem,,,,,,,,,,,,,,,,,,,,,,,,,,,,,,,,,,MRes ,Sigrid Osborne
M171,,,,,,,Inflorescence,M171.1,"M171.1, M171.2, M171.3, M171.4","M171.1, M171.2",,"M171.1, M171.2",,,,,M171.3,,,,M171.4,,,,,,,,,,,,,,,,,,,,MRes ,Sigrid Osborne
M172,Heather,Ericaceae,Calluna ,vulgaris,Eudicot ,Shrub,Leaf,,,,,,,,,,,,,,,,,,,,,,,,,,,,,,,,,https://apps.kew.org/herbcat/getImage.do?imageBarcode=K001419101,MRes ,Sigrid Osborne
M173,,,,,,,Stem,,,,,,,,,,,,,,,,,,,,,,,,,,,,,,,,,,MRes ,Sigrid Osborne
M174,,,,,,,Flower,,,,,,,,,,,,,,,,,,,,,,,,,,,,,,,,,,MRes ,Sigrid Osborne
M175,Crossleaf Heather,Ericaceae,Erica tetralix,Erica tetralix,Eudicot ,Shrub,Leaf,,,,,,,,,,,,,,,,,,,,,,,,,,,,,,,,,https://apps.kew.org/herbcat/getImage.do?imageBarcode=K001419102,MRes ,Sigrid Osborne
M176,,,,,,,Stem,,,,,,,,,,,,,,,,,,,,,,,,,,,,,,,,,,MRes ,Sigrid Osborne
M177,,,,,,,Flower,,,,,,,,,,,,,,,,,,,,,,,,,,,,,,,,,,MRes ,Sigrid Osborne
M178,Dorset Heather,Ericaceae,Erica ciliaris,Erica ciliaris,Eudicot ,Shrub,Leaf,,,,,,,,,,,,,,,,,,,,,,,,,,,,,,,,,https://apps.kew.org/herbcat/getHomePageResults.do?homePageSearchText=Erica+ciliaris&x=0&y=0&homePageSearchOption=scientific_name&nameOfSearchPage=home_page,MRes ,Sigrid Osborne
M179,,,,,,,Stem,,,,,,,,,,,,,,,,,,,,,,,,,,,,,,,,,,MRes ,Sigrid Osborne
M180,,,,,,,Flower,,,,,,,,,,,,,,,,,,,,,,,,,,,,,,,,,,MRes ,Sigrid Osborne
M181,Goat Willow,Salicaceae,Salix ,caprea,Eudicot ,Tree,Leaf ,,,,,,,,,,,,,,,,,,,,,,,,,,,,,,,,,https://apps.kew.org/herbcat/getImage.do?imageBarcode=K000907108,MRes ,Sigrid Osborne
M182,,,,,,,Stem,,,,,,,,,,,,,,,,,,,,,,,,,,,,,,,,,,MRes ,Sigrid Osborne
M183,,,,,,,Bark,,,,,,,,,,,,,,,,,,,,,,,,,,,,,,,,,,MRes ,Sigrid Osborne
M184,Dwarf Gorse,Fabaceae,Ulex,minor,Eudicot ,Shrub,Leaf ,,,,,,,,,,,,,,,,,,,,,,,,,,,,,,,,,http://apps.kew.org/herbcat/getImage.do?imageBarcode=K000827920,MRes ,Sigrid Osborne
M185,,,,,,,Stem,,,,,,,,,,,,,,,,,,,,,,,,,,,,,,,,,,MRes ,Sigrid Osborne
M186,,,,,,,Flower,,,,,,,,,,,,,,,,,,,,,,,,,,,,,,,,,,MRes ,Sigrid Osborne
M187,European Gorse,Fabaceae,Ulex ,europaeus,Eudicot ,Shrub,Leaf ,,,,,,,,,,,,,,,,,,,,,,,,,,,,,,,,,https://apps.kew.org/herbcat/getImage.do?imageBarcode=K000893604,MRes ,Sigrid Osborne
M188,,,,,,,Stem,,,,,,,,,,,,,,,,,,,,,,,,,,,,,,,,,,MRes ,Sigrid Osborne
M189,Bristle Bent ,Poaceae,Agrostis ,curtisii,Monocotyledon,Grass,Leaf,,,,,,,,,,,M189.1,,,,,,,,,,,,,,,,,,,,,,https://apps.kew.org/herbcat/getImage.do?imageBarcode=K000838146,MRes ,Sigrid Osborne
M190,Bog Myrtle ,Myricaceae,Myrica ,gale,Eudicot ,Shrub,Leaf,,,,,,,,,,,,,,,,,,,,,,,,,,,,,,,,,https://apps.kew.org/herbcat/getHomePageResults.do?homePageSearchText=Myrica+gale&x=0&y=0&homePageSearchOption=scientific_name&nameOfSearchPage=home_page,MRes ,Sigrid Osborne
M191,,,,,,,Stem,,,,,,,,,,,,,,,,,,,,,,,,,,,,,,,,,,MRes ,Sigrid Osborne
M192,,,,,,,Inflorescence,,,,,,,,,,,,,,,,,,,,,,,,,,,,,,,,,,MRes ,Sigrid Osborne
M193,Black Bog Rush,Cyperaceae,Schoenus ,nigricans,Monocotyledon,Rush,Stem,M193.1,"M193.1, M193.2, M193.3, M193.4, M193.5, M193.6",,,,,,,,,,,,"M193.1, M193.2, M193.3, M193.6",,,,,,,,,,"M193.1, M193.4, M193.6",,,,,,,,,,MRes ,Sigrid Osborne
M194,,,,,,,Inflorescence ,M194.1,"M194.1, M194.2, M194.3",,,,,,,,,,,,,M194.4,,,,,,M194.4,,,,,,,,,,M194.2,,,MRes ,Sigrid Osborne
M195,Bog Asphodel,Narthesciaceae,Narthecium ,ossifragum,Monocotyledon,Bulb,Root and Tuber,,,,,,,,,,,,,,,,,,,,,,,,,,,,,,,,,https://apps.kew.org/herbcat/getImage.do?imageBarcode=K000899985,MRes ,Sigrid Osborne
M196,,,,,,,Leaf,,,,,,,,,,,,,,,,,,,,,,,,,,,,,,,,,,MRes ,Sigrid Osborne
M197,Bell Heather  ,Ericaceae,Erica cinerea,Erica cinerea,Eudicot ,Shrub,Leaf,,,,,,,,,,,,,,,,,,,,,,,,,,,,,,,,,https://apps.kew.org/herbcat/getHomePageResults.do?homePageSearchText=Erica+cinerea&x=0&y=0&homePageSearchOption=scientific_name&nameOfSearchPage=home_page,MRes ,Sigrid Osborne
M198,,,,,,,Twig,,,,,,,,,,,,,,,,,,,,,,,,,,,,,,,,,,MRes ,Sigrid Osborne
M199,,,,,,,Inflorescence,,,,,,,,,,,,,,,,,,,,,,,,,,,,,,,,,,MRes ,Sigrid Osborne
M200,Heather,Ericaceae,Calluna ,vulgaris,Eudicot ,Shrub,Leaf,M200.1,M200.1,,,,,,,,,,,,,,,,,,M200.3,,,,"M200.1, M200.2",,,,,,,"M200.1, M200.2",,,MRes ,Sigrid Osborne
M201,,,,,,,Twig/Stem,,,,,,,,,,,,,,,,,,,,,,,,,,,,,,,,,,MRes ,Sigrid Osborne
M202,,,,,,,Inflorescence,,,,,,,,,,,,,,,,,,,,,,,,,,,,,,,,,,MRes ,Sigrid Osborne
M203,Common Cotton Grass,Cyperaceae,Eriophorum ,sp.,Monocotyledon,Sedge,Leaf ,M203.1,"M203.1, M203.2, M203.3, M203.4",,,,,,,,,M203.2,,M203.1,,,,M203.4,,,,,,,,,,,,,,,,,MRes ,Sigrid Osborne
M204,Purple Moor Grass,Poaceae,Molinia ,caerulea,Monocotyledon,Grass,Leaf ,M204.1,"M204.1, M204.2, M204.3","M204.1, M204.2",M204.1,,,,,,,,,"M204.1, M204.3",,"M204.1, M204.3",,,,,,,,,M204.2,M204.2,,,,,,,,,MRes ,Sigrid Osborne
M205,,,,,,,Stem,,,,,,,,,,,,,,,,,,,,,,,,,,,,,,,,,,MRes ,Sigrid Osborne
M206,,,,,,,Inflorescence,,"M206.1, M206.2, M206.3",,,,,,,,,M206.1,,M206.2,,"M206.2, M206.3",,,,,,,,,,M206.2,,,,,,,,,MRes ,Sigrid Osborne
M207,Bog Myrtle ,Myriaceae,Myrica gale,Myrica gale,Eudicot ,Shrub,Leaf,,,,,,,,,,,,,,,,,,,,,,,,,,,,,,,,,,MRes ,Sigrid Osborne
M208,,,,,,,Twig,,,,,,,,,,,,,,,,,,,,,,,,,,,,,,,,,,MRes ,Sigrid Osborne
M209,,,,,,,Inflorescence,,,,,,,,,,,,,,,,,,,,,,,,,,,,,,,,,,MRes ,Sigrid Osborne
M210,Bristle Bent,Poaceae,Agrostis ,curtisii,Monocotyledon,Grass,Leaf,,,,,,,,,,,,,,,,,,,,,,,,,,,,,,,"M210.1, M210.2, M210.3",,,MRes ,Sigrid Osborne
M211,English Oak (Test),Fagaceae,Quercus,Quercus ,Eudicot ,Tree,Leaf with Galls,,"M211.1, M211.2, M211.3",,,,,,,,,,,,,,,,,,,,,,,,"M211.2, M211.3",,,,,"M211.1, M211.2, M211.3",,,MRes ,Sigrid Osborne
M212,,,,,,,Leaf,M212.1,M212.1,,,,,,,,,,,,,,,,,,,,,,,,,,,,,M212.1,,,MRes ,Sigrid Osborne
M213,,,,,,,Bark,,,,,,,,,,,,,,,,,,,,,,,,,,,,,,,,,,MRes ,Sigrid Osborne
M214,,,,,,,Bark with Lichen,,,,,,,,,,,,,,,,,,,,,,,,,,,,,,,,,,MRes ,Sigrid Osborne
M215,,,,,,,Acorn Case,,,,,,,,,,,,,,,,,,,,,,,,,,,,,,,,,,MRes ,Sigrid Osborne
M216,,,,,,,Acorn inside case,,,,,,,,,,,,,,,,,,,,,,,,,,,,,,,,,,MRes ,Sigrid Osborne
